"Rank","Tier","WSID","Overall","Team","Pos","Bye","Best","Worst","Avg","Std Dev"
"1","1","","Christian McCaffrey","CAR","RB1","","1","1","1.0","0.0"
"2","1","","Saquon Barkley","NYG","RB2","","2","2","2.0","0.0"
"3","1","","Michael Thomas","NO","WR1","","3","8","3.0","0.0"
"4","1","","Ezekiel Elliott","DAL","RB3","","4","5","4.2","0.4"
"5","2","","Dalvin Cook","MIN","RB4","","4","6","5.6","0.5"
"6","2","","Derrick Henry","TEN","RB5","","5","14","7.2","1.6"
"7","2","","Joe Mixon","CIN","RB6","","4","14","7.8","1.0"
"8","2","","Alvin Kamara","NO","RB7","","5","10","8.4","1.2"
"9","2","","DeAndre Hopkins","HOU","WR2","","8","12","9.2","1.5"
"10","2","","Aaron Jones","GB","RB8","","6","20","9.8","0.4"
"11","3","","Tyreek Hill","KC","WR3","","3","13","10.4","1.2"
"12","3","","Davante Adams","GB","WR4","","8","16","12.4","1.4"
"13","3","","Julio Jones","ATL","WR5","","12","15","12.6","0.5"
"14","3","","Nick Chubb","CLE","RB9","","6","14","13.2","1.6"
"15","3","","Chris Godwin","TB","WR6","","13","16","14.2","1.0"
"16","3","","Mike Evans","TB","WR7","","15","21","15.8","0.4"
"17","3","","George Kittle","SF","TE1","","17","18","17.4","0.5"
"18","3","","Travis Kelce","KC","TE2","","17","18","17.6","0.5"
"19","4","","Lamar Jackson","BAL","QB1","","19","19","19.0","0.0"
"20","4","","Leonard Fournette","JAC","RB10","","7","34","20.6","1.2"
"21","4","","Josh Jacobs","LV","RB11","","20","23","22.2","0.4"
"22","4","","Amari Cooper","DAL","WR8","","21","29","22.4","1.7"
"23","4","","D.J. Moore","CAR","WR9","","24","25","24.4","0.5"
"24","4","","Kenny Golladay","DET","WR10","","21","33","24.6","2.6"
"25","4","","Miles Sanders","PHI","RB12","","22","34","28.4","4.5"
"26","4","","Todd Gurley","LAR","RB13","","22","42","29.2","6.9"
"27","4","","Allen Robinson","CHI","WR11","","29","32","29.4","0.5"
"28","4","","Odell Beckham Jr.","CLE","WR12","","16","32","29.6","2.6"
"29","5","","Mark Andrews","BAL","TE3","","26","53","30.0","8.0"
"30","5","","Courtland Sutton","DEN","WR13","","30","36","32.6","0.5"
"31","5","","Austin Ekeler","LAC","RB14","","27","42","32.8","5.9"
"32","5","","Melvin Gordon","LAC","RB15","","27","51","34.0","5.0"
"33","5","","Chris Carson","SEA","RB16","","27","51","35.8","7.0"
"34","5","","Keenan Allen","LAC","WR14","","35","48","36.0","0.9"
"35","5","","A.J. Brown","TEN","WR15","","33","43","36.6","3.4"
"36","5","","DeVante Parker","MIA","WR16","","30","50","37.2","4.9"
"37","5","","Patrick Mahomes","KC","QB2","","38","38","38.0","0.0"
"38","5","","Cooper Kupp","LAR","WR17","","35","55","40.8","5.2"
"39","5","","JuJu Smith-Schuster","PIT","WR18","","25","50","41.2","7.2"
"40","5","","Tyler Lockett","SEA","WR19","","33","64","42.2","2.0"
"41","6","","Robert Woods","LAR","WR20","","39","49","43.0","1.8"
"42","6","","Mark Ingram II","BAL","RB17","","34","60","44.8","7.5"
"43","6","","Stefon Diggs","MIN","WR21","","35","58","44.8","4.3"
"44","6","","Devin Singletary","BUF","RB18","","27","59","45.2","8.4"
"45","6","","Le'Veon Bell","NYJ","RB19","","27","52","46.6","4.0"
"46","6","","Zach Ertz","PHI","TE4","","26","53","47.4","2.8"
"47","6","","Kenyan Drake","ARI","RB20","","40","66","47.6","6.6"
"48","6","","Marlon Mack","IND","RB21","","28","57","48.4","3.1"
"49","6","","Calvin Ridley","ATL","WR22","","39","65","48.4","6.0"
"50","6","","Julian Edelman","NE","WR23","","39","90","52.2","8.7"
"51","6","","James Conner","PIT","RB22","","31","89","52.4","4.8"
"52","6","","Deshaun Watson","HOU","QB3","","54","54","54.0","0.0"
"53","6","","Darren Waller","LV","TE5","","26","69","54.2","7.6"
"54","6","","D.K. Metcalf","SEA","WR24","","37","62","54.2","3.3"
"55","6","","Russell Wilson","SEA","QB4","","56","61","56.0","0.0"
"56","7","","T.Y. Hilton","IND","WR25","","41","75","59.2","11.6"
"57","7","","Phillip Lindsay","DEN","RB23","","51","98","59.2","4.4"
"58","7","","D.J. Chark","JAC","WR26","","37","82","60.8","6.4"
"59","7","","Kareem Hunt","CLE","RB24","","44","84","61.0","10.4"
"60","7","","Dak Prescott","DAL","QB5","","56","70","63.8","3.4"
"61","7","","Kerryon Johnson","DET","RB25","","28","71","64.4","6.3"
"62","7","","Adam Thielen","MIN","WR27","","36","82","64.6","7.4"
"63","7","","Terry McLaurin","WAS","WR28","","48","73","66.6","2.9"
"64","7","","A.J. Green","CIN","WR29","","32","96","66.8","9.9"
"65","7","","Jarvis Landry","CLE","WR30","","58","74","66.8","5.2"
"66","7","","Michael Gallup","DAL","WR31","","55","73","67.2","6.9"
"67","7","","John Brown","BUF","WR32","","45","79","69.0","5.0"
"68","7","","Austin Hooper","ATL","TE6","","53","106","69.6","4.8"
"69","7","","Derrius Guice","WAS","RB26","","59","85","69.6","7.8"
"70","7","","David Montgomery","CHI","RB27","","59","84","69.6","7.3"
"71","7","","Kyler Murray","ARI","QB6","","61","95","70.8","8.7"
"72","7","","Evan Engram","NYG","TE7","","53","92","72.8","13.5"
"73","7","","Hunter Henry","LAC","TE8","","63","94","73.0","11.0"
"74","7","","Deebo Samuel","SF","WR33","","64","86","73.0","5.9"
"75","7","","Jameis Winston","TB","QB7","","68","87","75.8","6.7"
"76","7","","Christian Kirk","ARI","WR34","","49","90","76.0","3.0"
"77","7","","Tyler Boyd","CIN","WR35","","50","86","76.4","3.6"
"78","7","","Josh Allen","BUF","QB8","","68","91","77.0","7.7"
"79","7","","Raheem Mostert","SF","RB28","","52","104","77.8","15.0"
"80","7","","Mike Williams","LAC","WR36","","72","90","78.6","5.6"
"81","8","","Devonta Freeman","ATL","RB29","","71","112","81.6","3.3"
"82","8","","Sony Michel","NE","RB30","","66","104","82.2","1.8"
"83","8","","Damien Williams","KC","RB31","","76","93","83.4","5.0"
"84","8","","Jared Cook","NO","TE9","","69","106","86.4","6.9"
"85","8","","Ronald Jones II","TB","RB32","","71","100","86.8","5.7"
"86","8","","Robby Anderson","NYJ","WR37","","73","113","88.0","5.2"
"87","8","","Aaron Rodgers","GB","QB9","","61","116","88.2","6.1"
"88","8","","Carlos Hyde","HOU","RB33","","84","93","89.8","3.0"
"89","8","","Marquise Brown","BAL","WR38","","81","128","90.4","5.8"
"90","8","","Sterling Shepard","NYG","WR39","","81","97","90.4","4.6"
"91","8","","Alshon Jeffery","PHI","WR40","","81","148","91.0","7.1"
"92","8","","Tyler Higbee","LAR","TE10","","78","106","94.0","0.0"
"93","8","","Carson Wentz","PHI","QB10","","77","105","94.6","7.8"
"94","8","","Matt Ryan","ATL","QB11","","77","103","95.8","3.9"
"95","8","","Marvin Jones","DET","WR41","","81","107","97.6","5.5"
"96","8","","Will Fuller","HOU","WR42","","82","109","98.0","6.7"
"97","8","","Drew Brees","NO","QB12","","70","105","101.0","5.1"
"98","8","","Curtis Samuel","CAR","WR43","","86","109","101.2","3.7"
"99","8","","David Johnson","ARI","RB34","","83","132","101.4","14.5"
"100","8","","James White","NE","RB35","","83","119","103.6","6.1"
"101","8","","Royce Freeman","DEN","RB36","","89","110","103.6","5.3"
"102","9","","Anthony Miller","CHI","WR44","","101","122","105.6","3.7"
"103","9","","Darius Slayton","NYG","WR45","","79","141","106.0","16.1"
"104","9","","Latavius Murray","NO","RB37","","93","120","106.2","6.2"
"105","9","","Dallas Goedert","PHI","TE11","","106","127","106.8","1.0"
"106","9","","Matthew Stafford","DET","QB13","","70","116","107.0","7.5"
"107","9","","Brandin Cooks","LAR","WR46","","90","147","108.6","8.3"
"108","9","","Emmanuel Sanders","SF","WR47","","99","138","110.4","8.7"
"109","9","","Noah Fant","DEN","TE12","","69","142","111.2","12.1"
"110","9","","Tevin Coleman","SF","RB38","","98","134","111.4","6.2"
"111","9","","Jordan Howard","PHI","RB39","","85","168","111.8","8.3"
"112","9","","Cam Newton","CAR","QB14","","103","158","114.0","0.0"
"113","9","","DeSean Jackson","PHI","WR48","","102","214","114.6","7.5"
"114","9","","Kirk Cousins","MIN","QB15","","117","154","117.8","0.4"
"115","9","","Ryan Tannehill","TEN","QB16","","95","150","119.4","4.7"
"116","9","","Preston Williams","MIA","WR49","","97","169","119.4","13.3"
"117","9","","Jamaal Williams","GB","RB40","","110","143","122.0","7.5"
"118","9","","O.J. Howard","TB","TE13","","94","161","123.4","4.8"
"119","9","","Duke Johnson","HOU","RB41","","110","177","123.4","10.4"
"120","9","","Jamison Crowder","NYJ","WR50","","109","157","124.0","8.2"
"121","9","","Ben Roethlisberger","PIT","QB17","","105","275","124.6","14.7"
"122","9","","T.J. Hockenson","DET","TE14","","108","133","125.8","4.5"
"123","9","","Tarik Cohen","CHI","RB42","","112","193","127.0","6.5"
"124","9","","Adrian Peterson","WAS","RB43","","112","143","127.0","8.9"
"125","9","","Baker Mayfield","CLE","QB18","","87","150","127.4","2.9"
"126","9","","Alexander Mattison","MIN","RB44","","98","181","129.2","9.4"
"127","9","","Matt Breida","SF","RB45","","126","143","131.8","6.3"
"128","10","","Tony Pollard","DAL","RB46","","123","170","133.8","7.3"
"129","10","","Golden Tate","NYG","WR51","","96","174","134.2","7.4"
"130","10","","Mecole Hardman","KC","WR52","","109","169","134.8","12.9"
"131","10","","Diontae Johnson","PIT","WR53","","122","151","135.8","6.9"
"132","10","","Mike Gesicki","MIA","TE15","","108","180","137.2","8.5"
"133","10","","Sammy Watkins","KC","WR54","","111","208","137.6","8.7"
"134","10","","Jonnu Smith","TEN","TE16","","135","161","138.4","2.2"
"135","10","","Daniel Jones","NYG","QB19","","116","158","139.4","10.4"
"136","10","","John Ross","CIN","WR55","","113","196","140.4","8.0"
"137","10","","Will Dissly","SEA","TE17","","127","246","143.4","23.9"
"138","10","","San Francisco (SF)","","DST1","","140","159","143.4","4.7"
"139","10","","Jared Goff","LAR","QB20","","117","167","143.6","13.6"
"140","10","","Boston Scott","PHI","RB47","","112","188","143.8","9.9"
"141","10","","Breshad Perriman","TB","WR56","","124","169","144.2","9.6"
"142","10","","New England (NE)","","DST2","","140","176","145.8","5.4"
"143","10","","Jimmy Garoppolo","SF","QB21","","116","158","146.0","14.1"
"144","10","","Pittsburgh (PIT)","","DST3","","145","152","146.4","2.8"
"145","10","","David Njoku","CLE","TE18","","108","255","147.2","12.4"
"146","10","","Justice Hill","BAL","RB48","","119","156","148.2","8.1"
"147","10","","Tyrell Williams","LV","WR57","","129","206","148.2","6.3"
"148","10","","Rashaad Penny","SEA","RB49","","89","185","150.4","21.7"
"149","10","","N'Keal Harry","NE","WR58","","111","194","150.6","14.2"
"150","10","","Dede Westbrook","JAC","WR59","","124","198","151.4","13.6"
"151","10","","Eric Ebron","IND","TE19","","135","258","152.0","16.8"
"152","10","","Jack Doyle","IND","TE20","","142","173","155.0","4.0"
"153","10","","Sam Darnold","NYJ","QB22","","125","197","157.4","15.1"
"154","10","","Tom Brady","NE","QB23","","117","172","158.0","5.1"
"155","10","","Ian Thomas","CAR","TE21","","136","209","158.2","14.2"
"156","10","","Darrell Henderson","LAR","RB50","","123","256","159.2","15.8"
"157","10","","Baltimore (BAL)","","DST4","","152","166","160.0","2.0"
"158","10","","James Washington","PIT","WR60","","129","175","162.0","7.9"
"159","10","","Buffalo (BUF)","","DST5","","159","211","164.6","0.8"
"160","10","","Los Angeles (LAR)","","DST6","","159","165","164.6","0.5"
"161","10","","Chicago (CHI)","","DST7","","152","266","165.8","0.4"
"162","11","","Corey Davis","TEN","WR61","","122","196","168.4","10.2"
"163","11","","Gus Edwards","BAL","RB51","","120","257","168.8","19.4"
"164","11","","Cole Beasley","BUF","WR62","","148","244","170.0","13.6"
"165","11","","Ryan Fitzpatrick","MIA","QB24","","117","197","170.2","4.4"
"166","11","","Chase Edmonds","ARI","RB52","","123","235","170.2","17.0"
"167","11","","Peyton Barber","TB","RB53","","130","357","170.8","19.1"
"168","11","","Jaylen Samuels","PIT","RB54","","146","245","171.2","17.4"
"169","11","","Harrison Butker","KC","K1","","171","179","172.6","3.2"
"170","11","","Justin Jackson","LAC","RB55","","144","283","173.4","32.6"
"171","11","","Irv Smith Jr.","MIN","TE22","","142","191","174.6","9.1"
"172","11","","Justin Tucker","BAL","K2","","171","183","177.4","3.2"
"173","11","","Kenny Stills","HOU","WR63","","155","210","177.8","9.4"
"174","11","","Mitch Trubisky","CHI","QB25","","162","241","180.0","14.0"
"175","11","","Chris Herndon IV","NYJ","TE23","","135","258","180.2","30.6"
"176","11","","Minnesota (MIN)","","DST8","","165","200","180.8","9.6"
"177","11","","Lamar Miller","HOU","RB56","","120","274","182.4","48.0"
"178","11","","Hunter Renfrow","LV","WR64","","157","265","184.6","17.4"
"179","11","","Larry Fitzgerald","ARI","WR65","","151","222","184.8","21.3"
"180","11","","DeAndre Washington","LV","RB57","","181","283","185.2","3.4"
"181","11","","Dawson Knox","BUF","TE24","","153","260","185.6","29.4"
"182","11","","Wil Lutz","NO","K3","","179","192","185.8","5.3"
"183","11","","Antonio Brown","FA","WR66","","65","203","134.5","49.7"
"184","11","","Parris Campbell","IND","WR67","","155","216","186.4","13.1"
"185","11","","Kyle Rudolph","MIN","TE25","","139","232","186.6","12.6"
"186","11","","Greg Zuerlein","LAR","K4","","183","221","186.6","4.4"
"187","11","","Darwin Thompson","KC","RB58","","149","289","190.0","7.4"
"188","11","","Nyheim Hines","IND","RB59","","168","257","193.4","12.1"
"189","11","","Tre'Quan Smith","NO","WR68","","148","220","194.8","21.6"
"190","11","","Blake Jarwin","DAL","TE26","","142","273","195.8","40.7"
"191","11","","Philip Rivers","FA","QB26","","162","272","197.0","25.4"
"192","11","","Mohamed Sanu","NE","WR69","","189","268","197.2","6.3"
"193","11","","Andy Isabella","ARI","WR70","","194","229","197.4","3.1"
"194","11","","Derek Carr","LV","QB27","","178","254","200.2","23.1"
"195","11","","Chris Conley","JAC","WR71","","151","216","201.2","4.5"
"196","11","","Rex Burkhead","NE","RB60","","168","307","201.6","23.8"
"197","12","","Ito Smith","ATL","RB61","","182","280","203.6","19.1"
"198","12","","New Orleans (NO)","","DST9","","200","213","204.6","2.9"
"199","12","","Allen Lazard","GB","WR72","","160","240","205.2","12.4"
"200","12","","Kansas City (KC)","","DST10","","164","279","206.4","23.3"
"201","12","","Ryquell Armstead","JAC","RB62","","177","380","206.8","28.9"
"202","12","","Randall Cobb","DAL","WR73","","184","242","207.2","2.6"
"203","12","","New York (NYJ)","","DST11","","166","225","207.4","7.2"
"204","12","","Gardner Minshew II","JAC","QB28","","158","331","207.8","35.0"
"205","12","","Robbie Gould","SF","K5","","192","233","211.2","6.0"
"206","12","","Matt Gay","TB","K6","","204","252","211.8","6.7"
"207","12","","Denver (DEN)","","DST12","","201","248","213.4","2.9"
"208","12","","Los Angeles (LAC)","","DST13","","176","323","213.6","8.4"
"209","12","","Seattle (SEA)","","DST14","","211","248","213.8","2.7"
"210","12","","Albert Wilson","MIA","WR74","","198","297","214.8","10.1"
"211","12","","LeSean McCoy","KC","RB63","","132","296","216.4","31.8"
"212","12","","Benny Snell Jr.","PIT","RB64","","181","322","216.4","34.4"
"213","12","","Drew Lock","DEN","QB29","","172","241","216.6","18.0"
"214","12","","Matt Prater","DET","K7","","215","249","217.4","2.2"
"215","12","","Giovani Bernard","CIN","RB65","","190","272","219.2","25.2"
"216","12","","Chris Thompson","WAS","RB66","","177","329","219.6","27.8"
"217","12","","Michael Badgley","LAC","K8","","218","287","220.2","2.7"
"218","12","","Malcolm Brown","LAR","RB67","","181","280","222.6","23.8"
"219","12","","Darrel Williams","KC","RB68","","187","313","222.8","28.4"
"220","12","","Stephen Gostkowski","NE","K9","","204","228","222.8","1.5"
"221","12","","Tennessee (TEN)","","DST15","","207","266","224.6","9.3"
"222","12","","Auden Tate","CIN","WR75","","210","242","226.2","9.8"
"223","12","","Danny Amendola","DET","WR76","","220","315","226.6","10.3"
"224","12","","Philadelphia (PHI)","","DST16","","224","234","227.8","3.7"
"225","12","","Gerald Everett","LAR","TE27","","142","260","228.4","25.1"
"226","12","","Dwayne Haskins","WAS","QB30","","158","284","228.4","45.0"
"227","12","","Green Bay (GB)","","DST17","","219","234","230.8","1.6"
"228","12","","Taylor Gabriel","FA","WR77","","198","269","232.0","19.1"
"229","12","","Zane Gonzalez","ARI","K10","","221","249","232.8","8.4"
"230","12","","Ka'imi Fairbairn","HOU","K11","","228","324","233.6","4.7"
"231","12","","Devin Funchess","IND","WR78","","196","317","234.4","29.6"
"232","12","","Steven Sims","WAS","WR79","","198","295","235.0","33.6"
"233","12","","Damien Harris","NE","RB69","","149","313","235.2","19.3"
"234","12","","Dion Lewis","TEN","RB70","","199","310","238.4","11.4"
"235","12","","Mason Crosby","GB","K12","","233","309","238.4","7.1"
"236","12","","Jordan Wilkins","IND","RB71","","181","310","239.6","40.4"
"237","12","","Cleveland (CLE)","","DST18","","201","307","241.4","21.9"
"238","12","","Vance McDonald","PIT","TE28","","173","299","243.6","33.4"
"239","12","","Brandon McManus","DEN","K13","","228","253","244.4","5.6"
"240","13","","Jakobi Meyers","NE","WR80","","198","270","246.6","17.5"
"241","13","","Dallas (DAL)","","DST19","","230","266","246.8","11.1"
"242","13","","Bo Scarbrough","DET","RB72","","188","374","247.2","37.8"
"243","13","","Zach Pascal","IND","WR81","","210","270","248.0","16.8"
"244","13","","Nelson Agholor","PHI","WR82","","210","336","248.6","44.9"
"245","13","","Kelvin Harmon","WAS","WR83","","203","390","249.0","49.7"
"246","13","","Jake Elliott","PHI","K14","","221","326","249.4","5.2"
"247","13","","Jacob Hollister","SEA","TE29","","136","260","250.4","8.5"
"248","13","","Dan Bailey","MIN","K15","","243","288","251.6","1.5"
"249","13","","Indianapolis (IND)","","DST20","","219","279","252.6","6.7"
"250","13","","Marquez Valdes-Scantling","GB","WR84","","220","290","252.6","27.4"
"251","13","","Travis Homer","SEA","RB73","","199","321","253.6","41.1"
"252","13","","Joey Slye","CAR","K16","","224","281","253.6","11.8"
"253","13","","Greg Olsen","SEA","TE30","","133","325","255.0","67.8"
"254","13","","Patrick Laird","MIA","RB74","","237","356","255.2","15.6"
"255","13","","Phillip Dorsett","NE","WR85","","214","269","257.0","14.3"
"256","13","","Miles Boykin","BAL","WR86","","208","293","260.0","30.7"
"257","13","","Mike Boone","MIN","RB75","","195","316","261.0","18.0"
"258","13","","Willie Snead","BAL","WR87","","247","270","262.0","8.1"
"259","13","","Demarcus Robinson","KC","WR88","","216","384","263.8","18.6"
"260","13","","Greg Ward","PHI","WR89","","208","292","233.0","34.2"
"261","13","","J.J. Arcega-Whiteside","PHI","WR90","","214","338","264.8","32.3"
"262","13","","Jalen Hurd","SF","WR91","","231","344","267.0","40.4"
"263","13","","Andy Dalton","CIN","QB31","","197","284","267.8","9.0"
"264","13","","David Moore","SEA","WR92","","210","304","272.4","30.9"
"265","13","","Jalen Richard","LV","RB76","","235","333","272.4","27.5"
"266","13","","Jacoby Brissett","IND","QB32","","202","284","274.4","11.0"
"267","13","","Jacksonville (JAC)","","DST21","","219","307","274.6","16.5"
"268","13","","Chris Boswell","PIT","K17","","251","288","275.4","8.9"
"269","13","","Cameron Brate","TB","TE31","","236","332","276.2","34.0"
"270","13","","Stephen Hauschka","BUF","K18","","251","339","276.2","16.0"
"271","13","","Jason Myers","SEA","K19","","253","292","277.0","2.0"
"272","13","","Tampa Bay (TB)","","DST22","","201","334","278.0","22.4"
"273","13","","Demaryius Thomas","NYJ","WR93","","226","306","278.2","20.8"
"274","13","","Houston (HOU)","","DST23","","255","279","278.4","0.5"
"275","13","","Frank Gore","BUF","RB77","","185","317","253.0","46.8"
"276","13","","Myles Gaskin","MIA","RB78","","217","312","281.0","30.1"
"277","13","","Adam Humphries","TEN","WR94","","247","298","281.2","15.5"
"278","13","","Delanie Walker","TEN","TE32","","255","319","281.2","24.3"
"279","13","","Kendrick Bourne","SF","WR95","","261","301","282.0","16.0"
"280","13","","Russell Gage","ATL","WR96","","205","345","282.2","38.4"
"281","13","","Keelan Cole","JAC","WR97","","212","311","283.0","19.9"
"282","13","","Qadree Ollison","ATL","RB79","","190","380","283.8","25.5"
"283","13","","Jimmy Graham","GB","TE33","","232","327","283.8","8.8"
"284","13","","Brett Maher","NYJ","K20","","264","300","284.0","11.7"
"285","13","","Josh Lambo","JAC","K21","","239","292","284.2","10.8"
"286","13","","Josh Reynolds","LAR","WR98","","223","367","284.4","46.5"
"287","13","","Brian Hill","ATL","RB80","","170","334","286.0","35.3"
"288","13","","Jordan Akins","HOU","TE34","","209","343","286.0","35.3"
"289","13","","Younghoe Koo","ATL","K22","","192","299","260.3","41.6"
"290","13","","Darren Fells","HOU","TE35","","236","370","287.2","48.8"
"291","13","","KeeSean Johnson","ARI","WR99","","212","377","288.0","57.3"
"292","13","","Ted Ginn","NO","WR100","","265","337","288.4","28.3"
"293","14","","Keke Coutee","HOU","WR101","","229","363","291.8","37.6"
"294","14","","T.J. Yeldon","BUF","RB81","","257","325","292.8","22.9"
"295","14","","Bryce Love","WAS","RB82","","233","316","293.0","17.2"
"296","14","","Kai Forbath","DAL","K23","","204","309","271.8","42.1"
"297","14","","Kalen Ballage","MIA","RB83","","245","322","296.6","29.4"
"298","14","","Hakeem Butler","ARI","WR102","","174","306","234.3","54.5"
"299","14","","Austin Seibert","CLE","K24","","265","308","298.8","6.9"
"300","14","","Aldrick Rosas","NYG","K25","","268","309","298.8","8.1"
"301","14","","Wayne Gallman","NYG","RB84","","186","376","299.4","42.4"
"302","14","","Jeff Wilson","SF","RB85","","264","321","299.8","19.7"
"303","14","","Paul Richardson Jr.","FA","WR103","","263","335","301.0","24.7"
"304","14","","Geronimo Allison","GB","WR104","","262","350","301.2","29.3"
"305","14","","Carolina (CAR)","","DST24","","270","328","301.2","11.8"
"306","14","","Tyler Eifert","CIN","TE36","","294","324","301.6","11.6"
"307","14","","Allen Hurns","MIA","WR105","","271","366","303.2","35.0"
"308","14","","DaeSean Hamilton","DEN","WR106","","226","395","304.8","71.9"
"309","14","","Dante Pettis","SF","WR107","","240","372","304.6","42.6"
"310","14","","Tajae Sharpe","TEN","WR108","","244","377","305.0","46.8"
"311","14","","Jason Witten","DAL","TE37","","267","341","285.5","32.0"
"312","14","","Adam Vinatieri","IND","K26","","274","342","309.0","22.2"
"313","14","","Daniel Carlson","LV","K27","","275","324","310.2","18.6"
"314","14","","Jerick McKinnon","SF","RB86","","248","351","310.4","34.9"
"315","14","","Atlanta (ATL)","","DST25","","267","318","310.4","6.2"
"316","14","","Trey Burton","CHI","TE38","","236","381","314.2","37.5"
"317","14","","Washington (WAS)","","DST26","","271","340","314.6","1.7"
"318","14","","Ty Johnson","DET","RB87","","238","382","314.8","39.5"
"319","14","","Detroit (DET)","","DST27","","273","347","316.4","8.5"
"320","14","","Josh Oliver","JAC","TE39","","267","350","316.8","30.8"
"321","14","","Bilal Powell","NYJ","RB88","","294","337","317.2","14.2"
"322","14","","Dare Ogunbowale","TB","RB89","","257","329","319.6","8.3"
"323","14","","Jace Sternberger","GB","TE40","","228","305","271.7","32.3"
"324","14","","Dustin Hopkins","WAS","K28","","277","332","322.2","10.4"
"325","14","","Oakland (OAK)","","DST28","","276","330","323.0","7.7"
"326","14","","Ryan Griffin","NYJ","TE41","","232","347","278.0","49.7"
"327","14","","Justin Watson","TB","WR109","","286","383","324.6","34.2"
"328","14","","Teddy Bridgewater","NO","QB33","","279","352","325.8","9.5"
"329","14","","Ty Montgomery","NYJ","RB90","","289","358","326.2","22.0"
"330","14","","Hayden Hurst","BAL","TE42","","258","356","310.5","37.9"
"331","14","","Riley Ridley","CHI","WR110","","261","311","285.7","20.4"
"332","14","","Reggie Bonnafon","CAR","RB91","","274","386","328.4","37.2"
"333","14","","Mike Davis","CAR","RB92","","312","353","328.6","13.8"
"334","14","","Nick Foles","JAC","QB34","","278","342","329.4","8.7"
"335","14","","Zay Jones","LV","WR111","","292","337","315.0","20.2"
"336","14","","Quincy Enunwa","NYJ","WR112","","307","369","333.4","21.7"
"337","15","","Kaden Smith","NYG","TE43","","246","368","295.7","52.3"
"338","15","","New York (NYG)","","DST29","","303","343","321.8","14.3"
"339","15","","Tyrod Taylor","LAC","QB35","","252","338","301.7","36.4"
"340","15","","Damiere Byrd","ARI","WR113","","231","339","302.7","50.7"
"341","15","","Marquise Goodwin","SF","WR114","","293","378","341.2","26.1"
"342","15","","Marcus Mariota","TEN","QB36","","281","387","342.6","22.5"
"343","15","","Dexter Williams","GB","RB93","","324","363","345.4","13.3"
"344","15","","Drew Sample","CIN","TE44","","282","383","334.0","35.8"
"345","15","","Tim Patrick","DEN","WR115","","297","371","335.5","27.0"
"346","15","","Josh Gordon","SEA","WR116","","311","328","318.0","7.3"
"347","15","","Joe Flacco","DEN","QB37","","284","347","319.0","26.2"
"348","15","","Jonathan Williams","IND","RB94","","296","336","319.7","17.1"
"349","15","","Isaiah Crowell","LV","RB95","","272","296","284.0","12.0"
"350","15","","Taysom Hill","NO","QB38","","280","361","325.0","33.7"
"351","15","","Corey Clement","PHI","RB96","","328","362","341.8","13.0"
"352","15","","Arizona (ARI)","","DST30","","339","345","341.8","2.2"
"353","15","","Rodney Anderson","CIN","RB97","","280","305","292.5","12.5"
"354","15","","Foster Moreau","LV","TE45","","282","305","293.5","11.5"
"355","15","","Cordarrelle Patterson","CHI","WR117","","294","369","326.7","31.4"
"356","15","","Trey Quinn","WAS","WR118","","293","354","330.0","26.5"
"357","15","","Scott Miller","TB","WR119","","298","301","299.5","1.5"
"358","15","","Kerrith Whyte Jr.","PIT","RB98","","327","341","331.7","6.6"
"359","15","","Ryan Succop","TEN","K29","","300","309","304.5","4.5"
"360","15","","Jordan Reed","FA","TE46","","294","319","306.5","12.5"
"361","15","","Alex Erickson","CIN","WR120","","304","317","310.5","6.5"
"362","15","","Kyle Juszczyk","SF","RB99","","331","346","337.7","6.2"
"363","15","","Jakeem Grant","MIA","WR121","","331","343","338.0","5.1"
"364","15","","C.J. Anderson","FA","RB100","","330","365","343.3","15.5"
"365","15","","Rashard Higgins","CLE","WR122","","321","372","346.0","20.8"
"366","15","","Dontrell Hilliard","CLE","RB101","","332","364","346.0","13.4"
"367","15","","Cincinnati (CIN)","","DST31","","336","355","346.7","7.9"
"368","15","","C.J. Uzomah","CIN","TE47","","267","385","326.0","59.0"
"369","15","","Marqise Lee","JAC","WR123","","306","390","348.0","34.3"
"370","15","","Jake Kumerow","GB","WR124","","310","350","330.0","20.0"
"371","15","","Byron Pringle","KC","WR125","","312","351","331.5","19.5"
"372","15","","Case Keenum","WAS","QB39","","283","381","332.0","49.0"
"373","16","","Nick Boyle","BAL","TE48","","325","374","353.0","20.6"
"374","16","","Nick Mullens","SF","QB40","","348","379","363.3","11.3"
"375","16","","Jarrett Stidham","NE","QB41","","347","358","354.3","5.2"
"376","16","","Spencer Ware","KC","RB102","","329","345","337.0","8.0"
"377","16","","Deon Cain","PIT","WR126","","325","353","339.0","14.0"
"378","16","","Ricky Seals-Jones","CLE","TE49","","305","375","340.0","35.0"
"379","16","","Devontae Booker","DEN","RB103","","335","347","341.0","6.0"
"380","16","","Robert Foster","BUF","WR127","","341","352","346.5","5.5"
"381","16","","Trayveon Williams","CIN","RB104","","334","362","348.0","14.0"
"382","16","","Chris Hogan","CAR","WR128","","344","355","349.5","5.5"
"383","16","","Taywan Taylor","CLE","WR129","","345","356","350.5","5.5"
"384","16","","Josh Rosen","MIA","QB42","","346","357","351.5","5.5"
"385","16","","Josh Hill","NO","TE50","","354","371","362.5","8.5"
"386","16","","Demetrius Harris","CHI","TE51","","348","391","369.5","21.5"
"387","16","","C.J. Prosise","SEA","RB105","","359","386","372.5","13.5"
""
""